Name,Class,Status,Mask Index Override,X Point Override,Y Point Override
IMG20250703082739,,Unprocessed,,,
IMG20250703082750,,Unprocessed,,,
IMG20250703082806,,Unprocessed,,,
IMG20250703082816,,Unprocessed,,,
IMG20250703082830,,Unprocessed,,,
IMG20250703082833,,Unprocessed,,,
IMG20250703082912,,Unprocessed,,,
IMG20250703082919,,Unprocessed,,,
IMG20250703082922,,Unprocessed,,,
IMG20250703082939,,Unprocessed,,,
IMG20250703082957,,Unprocessed,,,
IMG20250703083020,,Unprocessed,,,
IMG20250703083030,,Unprocessed,,,
IMG20250703083042,,Unprocessed,,,
IMG20250703083049,,Unprocessed,,,
IMG20250703083056,,Unprocessed,,,
IMG20250703083106,,Unprocessed,,,
IMG20250703083121,,Unprocessed,,,
IMG20250703083128,,Unprocessed,,,
IMG20250703083143,,Unprocessed,,,
IMG20250703083149,,Unprocessed,,,
IMG20250703083159,,Unprocessed,,,
IMG20250703083205,,Unprocessed,,,
IMG20250703083214,,Unprocessed,,,
IMG20250703083220,,Unprocessed,,,
IMG20250703083223,,Unprocessed,,,
IMG20250703083239,,Unprocessed,,,
IMG20250703083249,,Unprocessed,,,
IMG20250703083311,,Unprocessed,,,
IMG20250703083314,,Unprocessed,,,
IMG20250703083319,,Unprocessed,,,
IMG20250703083326,,Unprocessed,,,
IMG20250703083330,,Unprocessed,,,
IMG20250703083336,,Unprocessed,,,
IMG20250703083340,,Unprocessed,,,
IMG20250703083352,,Unprocessed,,,
IMG20250703083357,,Unprocessed,,,
IMG20250703083402,,Unprocessed,,,
IMG20250703083508,,Unprocessed,,,
IMG20250703083513,,Unprocessed,,,
IMG20250703083520,Anthracnose,Unprocessed,,,
IMG20250703083621,,Unprocessed,,,
IMG20250703083634,,Unprocessed,,,
IMG20250703083713,,Unprocessed,,,
IMG20250703083721,,Unprocessed,,,
IMG20250703083725,,Unprocessed,,,
IMG20250703083729,,Unprocessed,,,
IMG20250703083732,,Unprocessed,,,
IMG20250703083803,,Unprocessed,,,
IMG20250703083809,,Unprocessed,,,
IMG20250703083815,,Unprocessed,,,
IMG20250703083827,,Unprocessed,,,
IMG20250703083842,,Unprocessed,,,
IMG20250703083848,,Unprocessed,,,
IMG20250703083851,,Unprocessed,,,
IMG20250703083854,,Unprocessed,,,
IMG20250703083859,,Unprocessed,,,
IMG20250703083903,,Unprocessed,,,
IMG20250703083910,,Unprocessed,,,
IMG20250703083921,,Unprocessed,,,
IMG20250703083933,,Unprocessed,,,
IMG20250703083940,,Unprocessed,,,
IMG20250703083947,,Unprocessed,,,
IMG20250703083951,,Unprocessed,,,
IMG20250703084009,,Unprocessed,,,
IMG20250703084016,,Unprocessed,,,
IMG20250703084019,,Unprocessed,,,
IMG20250703084026,,Unprocessed,,,
IMG20250703084030,,Unprocessed,,,
IMG20250703084033,,Unprocessed,,,
IMG20250703084045,,Unprocessed,,,
IMG20250703084058,,Unprocessed,,,
IMG20250703084105,,Unprocessed,,,
IMG20250703084114,,Unprocessed,,,
IMG20250703084121,,Unprocessed,,,
IMG20250703084128,,Unprocessed,,,
IMG20250703084134,,Unprocessed,,,
IMG20250703084141,,Unprocessed,,,
IMG20250703084147,,Unprocessed,,,
IMG20250703084150,,Unprocessed,,,
IMG20250703084155,,Unprocessed,,,
IMG20250703084201,,Unprocessed,,,
IMG20250703084210,,Unprocessed,,,
IMG20250703084216,Canker,Unprocessed,,,
IMG20250703084223,,Unprocessed,,,
IMG20250703084226,,Unprocessed,,,
IMG20250703084230,,Unprocessed,,,
IMG20250703084237,,Unprocessed,,,
IMG20250703084242,,Unprocessed,,,
IMG20250703084411,,Unprocessed,,,
IMG20250703084420,,Unprocessed,,,
IMG20250703084432,,Unprocessed,,,
IMG20250703084443,Anthracnose,Unprocessed,,,
IMG20250703084456,Anthracnose,Unprocessed,,,
IMG20250703084507,,Unprocessed,,,
IMG20250703084530,,Unprocessed,,,
IMG20250703084546,,Unprocessed,,,
IMG20250703084600,,Unprocessed,,,
IMG20250703084612,,Unprocessed,,,
IMG20250703084621,,Unprocessed,,,
IMG20250703084625,,Unprocessed,,,
IMG20250703084638,,Unprocessed,,,
IMG20250703084649,,Unprocessed,,,
IMG20250703084659,,Unprocessed,,,
IMG20250703084713,,Unprocessed,,,
IMG20250703084739,Anthracnose,Unprocessed,,,
IMG20250703084748,,Unprocessed,,,
IMG20250703084756,,Unprocessed,,,
IMG20250703084804,,Unprocessed,,,
IMG20250703084811,,Unprocessed,,,
IMG20250703084817,Anthracnose,Unprocessed,,,
IMG20250703084829,,Unprocessed,,,
IMG20250703084833,,Unprocessed,,,
IMG20250703084839,,Unprocessed,,,
IMG20250703084848,Anthracnose,Unprocessed,,,
IMG20250703084857,Anthracnose,Unprocessed,,,
IMG20250703084904,,Unprocessed,,,
IMG20250703084918,,Processed,,,
IMG20250703084932,,Processed,,,
IMG20250703084935,,Processed,,,
IMG20250703085016,,Processed,,,
IMG20250703085020,,Processed,,,
IMG20250703085029,,Processed,,,
IMG20250703085039,Anthracnose,Unprocessed,,,
IMG20250703085050,Anthracnose,Unprocessed,,,
IMG20250703085055,Anthracnose,Unprocessed,,,
IMG20250703085101,,Unprocessed,,,
IMG20250703085104,,Unprocessed,,,
IMG20250703085110,,Processed,,,
IMG20250703085125,,Processed,,,
IMG20250703085130,,Processed,,,
IMG20250703085232,,Processed,,,
IMG20250703085534,,Processed,,,
IMG20250703085540,,Processed,,,
IMG20250703085550,Mites,Processed,,,
IMG20250703085555,,Processed,,,
IMG20250703085604,,Processed,,,
IMG20250703085609,,Unprocessed,,,
IMG20250703085615,,Processed,,,
IMG20250703085620,,Processed,,,
IMG20250703085629,,Processed,,,
IMG20250703085633,,Processed,,,
IMG20250703085642,,Unprocessed,,,
IMG20250703085646,,Unprocessed,,,
IMG20250703085654,,Unprocessed,,,
IMG20250703085657,,Unprocessed,,,
IMG20250703085701,,Unprocessed,,,
IMG20250703085711,,Unprocessed,,,
IMG20250703085716,,Unprocessed,,,
IMG20250703085726,,Unprocessed,,,
IMG20250703085730,,Unprocessed,,,
IMG20250703085741,,Unprocessed,,,
IMG20250703085744,,Unprocessed,,,
IMG20250703085749,,Unprocessed,,,
IMG20250703085753,,Unprocessed,,,
IMG20250703085759,,Unprocessed,,,
IMG20250703085803,,Unprocessed,,,
IMG20250703085813,,Unprocessed,,,
IMG20250703085817,,Unprocessed,,,
IMG20250703085830,,Unprocessed,,,
IMG20250703085835,,Unprocessed,,,
IMG20250703085850,,Unprocessed,,,
IMG20250703085854,,Unprocessed,,,
IMG20250703085908,,Unprocessed,,,
IMG20250703085912,,Unprocessed,,,
IMG20250703085932,,Unprocessed,,,
IMG20250703085938,,Unprocessed,,,
IMG20250703085943,,Unprocessed,,,
IMG20250703085948,,Unprocessed,,,
IMG20250703090024,,Unprocessed,,,
IMG20250703090030,,Unprocessed,,,
IMG20250703090036,,Unprocessed,,,
IMG20250703090040,,Unprocessed,,,
IMG20250703090047,,Unprocessed,,,
IMG20250703090050,,Unprocessed,,,
IMG20250703090116,,Unprocessed,,,
IMG20250703090122,,Unprocessed,,,
IMG20250703090125,,Unprocessed,,,
IMG20250703090137,,Unprocessed,,,
IMG20250703090147,,Unprocessed,,,
IMG20250703090201,,Unprocessed,,,
IMG20250703090207,,Unprocessed,,,
IMG20250703090212,,Unprocessed,,,
IMG20250703090219,,Unprocessed,,,
IMG20250703090224,,Unprocessed,,,
IMG20250703090228,,Unprocessed,,,
IMG20250703090234,,Unprocessed,,,
IMG20250703090239,,Unprocessed,,,
IMG20250703090244,,Unprocessed,,,
IMG20250703090307,,Unprocessed,,,
IMG20250703090310,,Unprocessed,,,
IMG20250703090314,,Unprocessed,,,
IMG20250703090339,,Unprocessed,,,
IMG20250703090343,,Unprocessed,,,
IMG20250703090346,,Unprocessed,,,
IMG20250703090504,,Unprocessed,,,
IMG20250703090508,,Unprocessed,,,
IMG20250703090735,,Unprocessed,,,
IMG20250703090740,,Unprocessed,,,
IMG20250703090746,,Unprocessed,,,
IMG20250703090751,,Unprocessed,,,
IMG20250703090800,,Unprocessed,,,
IMG20250703090803,,Unprocessed,,,
IMG20250703090807,,Processed,,,
IMG20250703090811,,Processed,,,
IMG20250703090816,,Unprocessed,,,
IMG20250703090820,,Unprocessed,,,
IMG20250703090826,,Unprocessed,,,
IMG20250703090829,,Unprocessed,,,
IMG20250703090834,,Unprocessed,,,
IMG20250703090838,,Unprocessed,,,
IMG20250703090843,,Unprocessed,,,
IMG20250703090847,,Unprocessed,,,
IMG20250703090852,,Unprocessed,,,
IMG20250703090855,,Unprocessed,,,
IMG20250703090906,,Unprocessed,,,
IMG20250703090909,,Unprocessed,,,
IMG20250703090913,,Unprocessed,,,
IMG20250703090916,,Unprocessed,,,
IMG20250703090920,,Unprocessed,,,
IMG20250703090923,,Unprocessed,,,
IMG20250703090929,,Unprocessed,,,
IMG20250703090931,,Unprocessed,,,
IMG20250703090937,,Unprocessed,,,
IMG20250703090940,,Unprocessed,,,
IMG20250703090944,,Unprocessed,,,
IMG20250703090948,,Unprocessed,,,
IMG20250703090953,,Unprocessed,,,
IMG20250703090956,,Unprocessed,,,
IMG20250703091001,,Unprocessed,,,
IMG20250703091004,,Unprocessed,,,
IMG20250703091010,,Unprocessed,,,
IMG20250703091014,,Unprocessed,,,
IMG20250703091020,,Unprocessed,,,
IMG20250703091024,,Unprocessed,,,
IMG20250703091028,,Unprocessed,,,
IMG20250703091031,,Unprocessed,,,
IMG20250703091050,,Unprocessed,,,
IMG20250703091103,,Unprocessed,,,
IMG20250703091111,,Unprocessed,,,
IMG20250703091114,,Unprocessed,,,
IMG20250703091127,,Unprocessed,,,
IMG20250703091131,,Unprocessed,,,
IMG20250703091139,,Unprocessed,,,
IMG20250703091144,,Unprocessed,,,
IMG20250703091200,,Unprocessed,,,
IMG20250703091204,,Unprocessed,,,
IMG20250703091213,,Unprocessed,,,
IMG20250703091216,,Unprocessed,,,
IMG20250703091225,,Unprocessed,,,
IMG20250703091232,,Unprocessed,,,
IMG20250703091236,,Unprocessed,,,
IMG20250703091247,,Unprocessed,,,
IMG20250703091255,,Unprocessed,,,
IMG20250703091304,,Unprocessed,,,
IMG20250703091307,,Unprocessed,,,
IMG20250703091312,,Unprocessed,,,
IMG20250703091317,,Unprocessed,,,
IMG20250703091323,,Unprocessed,,,
IMG20250703091330,,Unprocessed,,,
IMG20250703091334,,Unprocessed,,,
IMG20250703091340,,Unprocessed,,,
IMG20250703091344,,Unprocessed,,,
IMG20250703091349,,Unprocessed,,,
IMG20250703091352,,Unprocessed,,,
IMG20250703091413,,Unprocessed,,,
IMG20250703091418,,Unprocessed,,,
IMG20250703091426,,Unprocessed,,,
IMG20250703091433,,Unprocessed,,,
IMG20250703091437,,Unprocessed,,,
IMG20250703091445,,Unprocessed,,,
IMG20250703091451,,Unprocessed,,,
IMG20250703091458,,Unprocessed,,,
IMG20250703091505,,Unprocessed,,,
IMG20250703091511,,Unprocessed,,,
IMG20250703091514,,Unprocessed,,,
IMG20250703091519,,Unprocessed,,,
IMG20250703091525,,Unprocessed,,,
IMG20250703091530,,Unprocessed,,,
IMG20250703091734,,Unprocessed,,,
IMG20250703091738,,Unprocessed,,,
IMG20250703091742,,Unprocessed,,,
IMG20250703091746,,Unprocessed,,,
IMG20250703091749,,Unprocessed,,,
IMG20250703091756,,Processed,,,
IMG20250703091802,,Unprocessed,,,
IMG20250703091816,,Unprocessed,,,
IMG20250703091826,,Unprocessed,,,
IMG20250703091832,,Unprocessed,,,
IMG20250703091859,,Unprocessed,,,
IMG20250703091904,,Unprocessed,,,
IMG20250703091911,,Unprocessed,,,
IMG20250703091950,,Unprocessed,,,
IMG20250703091954,,Unprocessed,,,
IMG20250703091957,,Unprocessed,,,
IMG20250703092003,,Unprocessed,,,
IMG20250703092024,,Unprocessed,,,
IMG20250703092036,,Unprocessed,,,
IMG20250703092047,,Unprocessed,,,
IMG20250703092057,,Unprocessed,,,
IMG20250703092059,,Unprocessed,,,
IMG20250703092104,,Unprocessed,,,
IMG20250703092109,,Unprocessed,,,
IMG20250703092137,Anthracnose,Unprocessed,,,
IMG20250703092142,Anthracnose,Unprocessed,,,
IMG20250703092151,Anthracnose,Unprocessed,,,
IMG20250703092158,Anthracnose,Unprocessed,,,
IMG20250703092205,Anthracnose,Unprocessed,,,
IMG20250703092213,Anthracnose,Unprocessed,,,
IMG20250703092217,Anthracnose,Unprocessed,,,
IMG20250703092224,Anthracnose,Unprocessed,,,
IMG20250703092228,Anthracnose,Unprocessed,,,
IMG20250703092246,Anthracnose,Unprocessed,,,
IMG20250703092252,Anthracnose,Unprocessed,,,
IMG20250703092258,Anthracnose,Unprocessed,,,
IMG20250703092302,Anthracnose,Unprocessed,,,
IMG20250703092314,,Unprocessed,,,
IMG20250703092320,,Unprocessed,,,
IMG20250703092323,,Unprocessed,,,
IMG20250703092329,,Unprocessed,,,
IMG20250703092333,,Unprocessed,,,
IMG20250703092343,,Unprocessed,,,
IMG20250703092350,,Unprocessed,,,
IMG20250703092353,,Unprocessed,,,
IMG20250703092402,,Unprocessed,,,
IMG20250703092405,,Unprocessed,,,
IMG20250703092416,,Unprocessed,,,
IMG20250703092419,,Unprocessed,,,
IMG20250703092421,,Unprocessed,,,
IMG20250703092429,,Unprocessed,,,
IMG20250703092433,,Unprocessed,,,
IMG20250703092438,,Unprocessed,,,
IMG20250703092440,,Unprocessed,,,
IMG20250703092443,,Unprocessed,,,
IMG20250703092446,,Unprocessed,,,
IMG20250703092453,,Unprocessed,,,
IMG20250703092456,,Unprocessed,,,
IMG20250703092459,,Unprocessed,,,
IMG20250703092508,,Unprocessed,,,
IMG20250703092513,,Unprocessed,,,
IMG20250703092518,,Unprocessed,,,
IMG20250703092523,,Unprocessed,,,
IMG20250703092528,,Unprocessed,,,
IMG20250703092543,,Unprocessed,,,
IMG20250703092546,,Unprocessed,,,
IMG20250703092553,,Unprocessed,,,
IMG20250703092654,,Unprocessed,,,
IMG20250703092658,,Unprocessed,,,
IMG20250703092702,,Unprocessed,,,
IMG20250703092709,,Unprocessed,,,
IMG20250703092714,,Unprocessed,,,
IMG20250703092717,,Unprocessed,,,
IMG20250703092731,,Unprocessed,,,
IMG20250703092738,,Unprocessed,,,
IMG20250703092831,,Unprocessed,,,
IMG20250703092838,,Unprocessed,,,
IMG20250703092847,,Unprocessed,,,
IMG20250703092853,,Unprocessed,,,
IMG20250703092859,,Unprocessed,,,
IMG20250703092910,,Unprocessed,,,
IMG20250703092917,,Unprocessed,,,
IMG20250703092920,,Unprocessed,,,
IMG20250703092925,,Unprocessed,,,
IMG20250703093012,,Unprocessed,,,
IMG20250703093023,,Unprocessed,,,
IMG20250703093026,,Unprocessed,,,
IMG20250703093038,,Unprocessed,,,
IMG20250703093045,,Unprocessed,,,
IMG20250703093052,,Unprocessed,,,
IMG20250703093057,,Unusable,,,
IMG20250703093109,,Unprocessed,,,
IMG20250703093122,,Unprocessed,,,
IMG20250703093127,,Unprocessed,,,
IMG20250703093139,,Unprocessed,,,
IMG20250703093147,,Unprocessed,,,
IMG20250703093221,,Unprocessed,,,
IMG20250703093226,,Unprocessed,,,
IMG20250703093230,,Unprocessed,,,
IMG20250703093237,,Unprocessed,,,
IMG20250703093245,,Unprocessed,,,
IMG20250703093251,,Unprocessed,,,
IMG20250703093258,,Unprocessed,,,
IMG20250703093304,,Unprocessed,,,
IMG20250703093310,,Unprocessed,,,
IMG20250703093313,,Unprocessed,,,
IMG20250703093318,,Unprocessed,,,
IMG20250703093321,,Unprocessed,,,
IMG20250703093325,,Unprocessed,,,
IMG20250703093327,,Unprocessed,,,
IMG20250703093342,,Processed,,,
IMG20250703093345,,Unprocessed,,,
IMG20250703093349,,Unprocessed,,,
IMG20250703093401,,Unprocessed,,,
IMG20250703093411,,Unprocessed,,,
IMG20250703093418,,Unprocessed,,,
IMG20250703093426,,Unprocessed,,,
IMG20250703093431,,Unprocessed,,,
IMG20250703093438,,Unprocessed,,,
IMG20250703093457,,Unprocessed,,,
IMG20250703093500,,Unprocessed,,,
IMG20250703093504,,Unprocessed,,,
IMG20250703093515,,Unprocessed,,,
IMG20250703093518,,Unprocessed,,,
IMG20250703093521,,Unprocessed,,,
IMG20250703093528,,Unprocessed,,,
IMG20250703093535,,Unprocessed,,,
IMG20250703093538,,Unprocessed,,,
IMG20250703093540,,Unprocessed,,,
IMG20250703093544,,Unprocessed,,,
IMG20250703093551,,Unprocessed,,,
IMG20250703093553,,Unprocessed,,,
IMG20250703093557,,Unprocessed,,,
IMG20250703093630,,Unprocessed,,,
IMG20250703093643,,Unprocessed,,,
IMG20250703093648,,Unprocessed,,,
IMG20250703093701,Mites,Unprocessed,,,
IMG20250703093724,Mites,Unprocessed,,,
IMG20250703093733,,Processed,,,
IMG20250703093750,Mites,Unprocessed,,,
IMG20250703093754,,Unprocessed,,,
IMG20250703093803,,Unprocessed,,,
IMG20250703093808,,Unprocessed,,,
IMG20250703093812,,Unprocessed,,,
IMG20250703093816,,Unprocessed,,,
IMG20250703093822,,Unprocessed,,,
IMG20250703093829,,Unprocessed,,,
IMG20250703093837,,Unprocessed,,,
IMG20250703093840,,Unprocessed,,,
IMG20250703093844,,Unprocessed,,,
IMG20250703093854,,Unprocessed,,,
IMG20250703093859,,Unprocessed,,,
IMG20250703093910,,Unprocessed,,,
IMG20250703093919,,Unprocessed,,,
IMG20250703093924,,Unprocessed,,,
IMG20250703093928,,Unprocessed,,,
IMG20250703093939,,Unprocessed,,,
IMG20250703093943,,Unprocessed,,,
IMG20250703093951,,Unprocessed,,,
IMG20250703093954,,Unprocessed,,,
IMG20250703094000,,Unprocessed,,,
IMG20250703094605,Canker,Unprocessed,,,
IMG20250703094609,Anthracnose,Unprocessed,,,
IMG20250703094620,Anthracnose,Unprocessed,,,
IMG20250703094624,Anthracnose,Unprocessed,,,
IMG20250703094636,Anthracnose,Unprocessed,,,
IMG20250703094640,Anthracnose,Unprocessed,,,
IMG20250703094648,Anthracnose,Unprocessed,,,
IMG20250703094652,Anthracnose,Unprocessed,,,
IMG20250703094746,Anthracnose,Unprocessed,,,
IMG20250703094756,Anthracnose,Unprocessed,,,
IMG20250703094929,,Unprocessed,,,
IMG20250703094932,,Unprocessed,,,
IMG20250703094937,,Unprocessed,,,
IMG20250703094942,,Unprocessed,,,
IMG20250703095045,,Unprocessed,,,
IMG20250703095054,,Unprocessed,,,
IMG20250703095104,,Unprocessed,,,
IMG20250703095106,,Unprocessed,,,
IMG20250703095114,,Unprocessed,,,
IMG20250703095120,,Unprocessed,,,
IMG20250703095131,,Unprocessed,,,
IMG20250703095136,,Unprocessed,,,
IMG20250703095230,,Unprocessed,,,
IMG20250703095234,,Unprocessed,,,
IMG20250703095241,,Unprocessed,,,
IMG20250703095249,,Processed,,,
IMG20250703095253,,Unprocessed,,,
IMG20250703095255,,Unprocessed,,,
IMG20250703095257,,Unprocessed,,,
IMG20250703095302,,Unprocessed,,,
IMG20250703095304,,Unprocessed,,,
IMG20250703095308,,Unprocessed,,,
IMG20250703095417,,Unprocessed,,,
IMG20250703095421,,Unprocessed,,,
IMG20250703095432,,Unprocessed,,,
IMG20250703095501,,Unprocessed,,,
IMG20250703095503,,Unprocessed,,,
IMG20250703095508,,Unprocessed,,,
IMG20250703095511,,Unprocessed,,,
IMG20250703095529,,Unprocessed,,,
IMG20250703095546,,Unprocessed,,,
IMG20250703095559,,Unprocessed,,,
IMG20250703095602,,Unprocessed,,,
IMG20250703095614,,Unprocessed,,,
IMG20250703095617,,Unprocessed,,,
IMG20250703095624,,Unprocessed,,,
IMG20250703095634,,Unprocessed,,,
IMG20250703095642,,Unprocessed,,,
IMG20250703095646,Anthracnose,Unprocessed,,,
IMG20250703095657,,Unprocessed,,,
IMG20250703095716,,Unprocessed,,,
IMG20250703095728,,Unprocessed,,,
IMG20250703095738,,Unprocessed,,,
IMG20250703095802,,Unprocessed,,,
IMG20250703095805,,Unprocessed,,,
IMG20250703095808,,Unprocessed,,,
IMG20250703095816,,Unprocessed,,,
IMG20250703095819,,Unprocessed,,,
IMG20250703095822,,Unprocessed,,,
IMG20250703095901,,Unprocessed,,,
IMG20250703095905,,Unprocessed,,,
IMG20250703095913,,Unprocessed,,,
IMG20250703095917,,Unprocessed,,,
IMG20250703095928,,Unprocessed,,,
IMG20250703095937,,Unprocessed,,,
IMG20250703095939,,Unprocessed,,,
IMG20250703095951,,Unprocessed,,,
IMG20250703100007,,Unprocessed,,,
IMG20250703100019,,Unprocessed,,,
IMG20250703100022,,Unprocessed,,,
IMG20250703100025,,Unprocessed,,,
IMG20250703100033,,Unprocessed,,,
IMG20250703100036,,Unprocessed,,,
IMG20250703100039,,Unprocessed,,,
IMG20250703100044,,Unprocessed,,,
IMG20250703100047,,Unprocessed,,,
IMG20250703100053,,Unprocessed,,,
IMG20250703100100,,Unprocessed,,,
IMG20250703100103,,Unprocessed,,,
IMG20250703100109,,Unprocessed,,,
IMG20250703100112,,Unprocessed,,,
IMG20250703100121,,Unprocessed,,,
IMG20250703100123,,Unprocessed,,,
IMG20250703100126,,Unprocessed,,,
IMG20250703100131,,Unprocessed,,,
IMG20250703100137,,Unprocessed,,,
IMG20250703100143,,Unprocessed,,,
IMG20250703100145,,Unprocessed,,,
IMG20250703100235,,Unprocessed,,,
IMG20250703100239,Anthracnose,Unprocessed,,,
IMG20250703100242,Anthracnose,Unprocessed,,,
IMG20250703100445,,Unprocessed,,,
IMG20250703100450,,Unprocessed,,,
IMG20250703100500,,Unprocessed,,,
IMG20250703100506,,Unprocessed,,,
IMG20250703100520,,Unprocessed,,,
IMG20250703100523,,Unprocessed,,,
IMG20250703100528,,Unprocessed,,,
IMG20250703100537,,Unprocessed,,,
IMG20250703100548,,Unprocessed,,,
IMG20250703100552,,Unprocessed,,,
IMG20250703100610,,Unprocessed,,,
IMG20250703100615,,Unprocessed,,,
IMG20250703100625,,Unprocessed,,,
IMG20250703100627,,Unprocessed,,,
IMG20250703100632,,Processed,,,
IMG20250703100638,,Unprocessed,,,
IMG20250703100642,,Unprocessed,,,
IMG20250703100644,,Unprocessed,,,
IMG20250703100647,,Unprocessed,,,
IMG20250703100655,,Unprocessed,,,
IMG20250703100659,,Unprocessed,,,
IMG20250703100704,,Unprocessed,,,
IMG20250703100728,,Unprocessed,,,
IMG20250703100730,,Unprocessed,,,
IMG20250703100736,,Unprocessed,,,
IMG20250703100744,,Unprocessed,,,
IMG20250703100749,,Unprocessed,,,
IMG20250703100800,,Unprocessed,,,
IMG20250703100803,,Unprocessed,,,
IMG20250703100811,,Unprocessed,,,
IMG20250703100820,,Unprocessed,,,
IMG20250703100825,,Unprocessed,,,
IMG20250703100840,,Unprocessed,,,
IMG20250703100842,,Unprocessed,,,
IMG20250703100856,,Unprocessed,,,
IMG20250703100900,,Unprocessed,,,
IMG20250703100902,,Unprocessed,,,
IMG20250703100921,,Unprocessed,,,
IMG20250703100931,,Unprocessed,,,
IMG20250703100945,,Unprocessed,,,
IMG20250703100952,,Unprocessed,,,
IMG20250703101003,,Unprocessed,,,
IMG20250703101006,,Unprocessed,,,
IMG20250703101009,,Unprocessed,,,
IMG20250703101011,,Unprocessed,,,
IMG20250703101016,,Unprocessed,,,
IMG20250703101027,,Unprocessed,,,
IMG20250703101029,,Unprocessed,,,
IMG20250703101034,,Unprocessed,,,
IMG20250703101043,,Unprocessed,,,
IMG20250703101046,,Unprocessed,,,
IMG20250703101049,,Unprocessed,,,
IMG20250703101051,,Unprocessed,,,
IMG20250703101056,,Unprocessed,,,
IMG20250703101105,,Unprocessed,,,
IMG20250703101107,,Unprocessed,,,
IMG20250703101109,,Unprocessed,,,
IMG20250703101125,,Unprocessed,,,
IMG20250703101128,,Unprocessed,,,
IMG20250703101134,,Unprocessed,,,
IMG20250703101137,,Unprocessed,,,
IMG20250703101156,,Unprocessed,,,
IMG20250703101203,,Unprocessed,,,
IMG20250703101213,,Unprocessed,,,
IMG20250703101220,,Unprocessed,,,
IMG20250703101224,Anthracnose,Unprocessed,,,
IMG20250703101243,,Unprocessed,,,
IMG20250703101253,,Unprocessed,,,
IMG20250703101255,,Unprocessed,,,
IMG20250703101310,,Unprocessed,,,
IMG20250703101313,,Unprocessed,,,
IMG20250703101325,,Unprocessed,,,
IMG20250703101514,,Unprocessed,,,
IMG20250703101516,,Unprocessed,,,
IMG20250703101521,,Unprocessed,,,
IMG20250703101524,,Unprocessed,,,
IMG20250703101528,,Unprocessed,,,
IMG20250703101534,,Unprocessed,,,
IMG20250703101543,,Unprocessed,,,
IMG20250703101550,,Unprocessed,,,
IMG20250703101610,,Unprocessed,,,
IMG20250703101614,,Unprocessed,,,
IMG20250703101630,,Unprocessed,,,
IMG20250703101638,,Unprocessed,,,
IMG20250703101646,,Unprocessed,,,
IMG20250703101708,,Unprocessed,,,
IMG20250703101710,,Unprocessed,,,
IMG20250703101714,,Unprocessed,,,
IMG20250703101723,,Unprocessed,,,
IMG20250703101728,,Unprocessed,,,
IMG20250703101733,,Unprocessed,,,
IMG20250703101735,,Unprocessed,,,
IMG20250703101811,,Unprocessed,,,
IMG20250703101813,,Unprocessed,,,
IMG20250703101816,,Unprocessed,,,
IMG20250703101830,,Unprocessed,,,
IMG20250703101833,,Unprocessed,,,
IMG20250703101836,,Unprocessed,,,
IMG20250703101854,,Unprocessed,,,
IMG20250703101938,,Unprocessed,,,
IMG20250703102255,,Unprocessed,,,
IMG20250703102318,,Processed,,,
IMG20250703102351,,Unprocessed,,,
IMG20250703102404,,Unprocessed,,,
IMG20250801075440,,Unprocessed,,,
IMG20250801075450,,Unprocessed,,,
IMG20250801075454,,Unprocessed,,,
IMG20250801075507,,Unprocessed,,,
IMG20250801075511,,Unprocessed,,,
IMG20250801075515,,Unprocessed,,,
IMG20250801075530,,Unprocessed,,,
IMG20250801075540,,Unprocessed,,,
IMG20250801075553,,Unprocessed,,,
IMG20250801075603,,Unprocessed,,,
IMG20250801075608,,Unprocessed,,,
IMG20250801075612,,Unprocessed,,,
IMG20250801075617,,Unprocessed,,,
IMG20250801075619,,Unprocessed,,,
IMG20250801075738,,Unprocessed,,,
IMG20250801075844,,Unprocessed,,,
IMG20250801075923,,Unprocessed,,,
IMG20250801075929,,Unprocessed,,,
IMG20250801075943,,Unprocessed,,,
IMG20250801075948,,Unprocessed,,,
IMG20250801075955,,Unprocessed,,,
IMG20250801080004,,Unprocessed,,,
IMG20250801080016,,Unprocessed,,,
IMG20250801080034,Canker,Unprocessed,,,
IMG20250801080046,,Unprocessed,,,
IMG20250801080053,Canker,Unprocessed,,,
IMG20250801080222,,Unprocessed,,,
IMG20250801080247,,Unprocessed,,,
IMG20250801080350,,Unprocessed,,,
IMG20250801080353,,Unprocessed,,,
IMG20250801080404,,Unprocessed,,,
IMG20250801080408,,Unprocessed,,,
IMG20250801080415,,Unprocessed,,,
IMG20250801080432,,Unprocessed,,,
IMG20250801080450,,Unprocessed,,,
IMG20250801080453,,Unprocessed,,,
IMG20250801080511,Mites,Unprocessed,,,
IMG20250801080515,Mites,Unprocessed,,,
IMG20250801080522,Mites,Unprocessed,,,
IMG20250801080526,Mites,Unprocessed,,,
IMG20250801080531,Mites,Unprocessed,,,
IMG20250801080536,Mites,Unprocessed,,,
IMG20250801080551,,Unprocessed,,,
IMG20250801080554,,Unprocessed,,,
IMG20250801080558,,Unprocessed,,,
IMG20250801080638,,Unprocessed,,,
IMG20250801080646,,Unprocessed,,,
IMG20250801080651,,Unprocessed,,,
IMG20250801080718,,Unprocessed,,,
IMG20250801080722,,Unprocessed,,,
IMG20250801080746,,Unprocessed,,,
IMG20250801080752,,Unprocessed,,,
IMG20250801080812,,Unprocessed,,,
IMG20250801080822,,Unprocessed,,,
IMG20250801080830,,Unprocessed,,,
IMG20250801080838,,Unprocessed,,,
IMG20250801080848,,Unprocessed,,,
IMG20250801080855,,Unprocessed,,,
IMG20250801080908,,Unprocessed,,,
IMG20250801080910,,Unprocessed,,,
IMG20250801080914,,Unprocessed,,,
IMG20250801080921,,Unprocessed,,,
IMG20250801080925,,Unprocessed,,,
IMG20250801080929,,Unprocessed,,,
IMG20250801080949,,Unprocessed,,,
IMG20250801081001,,Unprocessed,,,
IMG20250801081006,,Unprocessed,,,
IMG20250801081019,,Unprocessed,,,
IMG20250801081025,,Unprocessed,,,
IMG20250801081031,,Unprocessed,,,
IMG20250801081058,,Unprocessed,,,
IMG20250801081111,,Unprocessed,,,
IMG20250801081118,,Unprocessed,,,
IMG20250801081126,,Unprocessed,,,
IMG20250801081136,,Unprocessed,,,
IMG20250801081138,,Unprocessed,,,
IMG20250801081149,,Unprocessed,,,
IMG20250801081200,,Unprocessed,,,
IMG20250801081207,,Unprocessed,,,
IMG20250801081215,,Unprocessed,,,
IMG20250801081238,,Unprocessed,,,
IMG20250801081258,,Unprocessed,,,
IMG20250801081317,,Unprocessed,,,
IMG20250801081321,,Unprocessed,,,
IMG20250801081336,,Unprocessed,,,
IMG20250801081342,,Unprocessed,,,
IMG20250801081409,,Unprocessed,,,
IMG20250801081412,,Unprocessed,,,
IMG20250801081415,,Unprocessed,,,
IMG20250801081423,,Unprocessed,,,
IMG20250801081553,,Unprocessed,,,
IMG20250801081600,,Unprocessed,,,
IMG20250801081608,,Unprocessed,,,
IMG20250801081614,,Unprocessed,,,
IMG20250801081623,,Unprocessed,,,
IMG20250801081630,,Unprocessed,,,
IMG20250801081706,,Unprocessed,,,
IMG20250801081713,,Unprocessed,,,
IMG20250801081719,,Unprocessed,,,
IMG20250801081811,Canker,Unprocessed,,,
IMG20250801081813,,Unprocessed,,,
IMG20250801081819,Canker,Unprocessed,,,
IMG20250801081822,,Unprocessed,,,
IMG20250801081834,Canker,Unprocessed,,,
IMG20250801081914,Canker,Unprocessed,,,
IMG20250801081934,,Unprocessed,,,
IMG20250801081941,,Unprocessed,,,
IMG20250801081957,Canker,Unprocessed,,,
IMG20250801082009,,Unprocessed,,,
IMG20250801082018,,Unprocessed,,,
IMG20250801082134,,Unprocessed,,,
IMG20250801082148,,Unprocessed,,,
IMG20250801082210,,Unprocessed,,,
IMG20250801082214,,Unprocessed,,,
IMG20250801082502,,Unprocessed,,,
IMG20250801082512,,Unprocessed,,,
IMG20250801082604,,Unprocessed,,,
IMG20250801082608,,Unprocessed,,,
IMG20250801082616,,Unprocessed,,,
IMG20250801082643,,Unprocessed,,,
IMG20250801082710,,Unprocessed,,,
IMG20250801082714,,Unprocessed,,,
IMG20250801082720,,Unprocessed,,,
IMG20250801082818,,Unprocessed,,,
IMG20250801082859,,Unprocessed,,,
IMG20250801082955,,Unprocessed,,,
IMG20250801083005,,Unprocessed,,,
IMG20250801083016,,Unprocessed,,,
IMG20250801083026,Mites,Unprocessed,,,
IMG20250801083030,Mites,Unprocessed,,,
IMG20250801083159,,Unprocessed,,,
IMG20250801083222,,Unprocessed,,,
IMG20250801083227,,Unprocessed,,,
IMG20250801083251,,Unprocessed,,,
IMG20250801083302,,Unprocessed,,,
IMG20250801083317,,Unprocessed,,,
IMG20250801083428,,Unprocessed,,,
IMG20250801083432,,Unprocessed,,,
IMG20250801083437,,Unprocessed,,,
IMG20250801083457,Anthracnose,Unprocessed,,,
IMG20250801083501,Anthracnose,Unprocessed,,,
IMG20250801083505,Anthracnose,Unprocessed,,,
IMG20250801083514,Anthracnose,Unprocessed,,,
IMG20250801083518,,Unprocessed,,,
IMG20250801083554,Borer,Unprocessed,,,
IMG20250801083606,Borer,Unprocessed,,,
IMG20250801083610,,Unprocessed,,,
IMG20250801083701,,Unprocessed,,,
IMG20250801083833,Borer,Unprocessed,,,
IMG20250801083849,,Unprocessed,,,
IMG20250801083854,,Unprocessed,,,
IMG20250801083901,,Unprocessed,,,
IMG20250801084023,,Unprocessed,,,
IMG20250801084034,,Unprocessed,,,
IMG20250801084042,,Unprocessed,,,
IMG20250801084050,,Unprocessed,,,
IMG20250801084114,,Unprocessed,,,
IMG20250801084140,,Unprocessed,,,
IMG20250801084152,,Unprocessed,,,
IMG20250801084224,,Unprocessed,,,
IMG20250801084419,,Unprocessed,,,
IMG20250801084423,,Unprocessed,,,
IMG20250801084430,,Unprocessed,,,
IMG20250801084435,,Unprocessed,,,
IMG20250801084519,,Unprocessed,,,
IMG20250801084529,,Unprocessed,,,
IMG20250801084542,,Unprocessed,,,
IMG20250801084546,,Unprocessed,,,
IMG20250801084552,,Unprocessed,,,
IMG20250801084557,,Unprocessed,,,
IMG20250801084609,,Unprocessed,,,
IMG20250801084612,,Unprocessed,,,
IMG20250801084630,Mites,Unprocessed,,,
IMG20250801084636,Mites,Unprocessed,,,
IMG20250801084642,Mites,Unprocessed,,,
IMG20250801084650,Mites,Unprocessed,,,
IMG20250801084654,Mites,Unprocessed,,,
IMG20250801084700,Mites,Unprocessed,,,
IMG20250801084711,,Unprocessed,,,
IMG20250801084732,Mites,Unprocessed,,,
IMG20250801084736,,Unprocessed,,,
IMG20250801084743,Mites,Unprocessed,,,
IMG20250801084757,,Unprocessed,,,
IMG20250801084801,,Unprocessed,,,
IMG20250801084808,,Unprocessed,,,
IMG20250801084819,,Unprocessed,,,
IMG20250801084831,,Unprocessed,,,
IMG20250801084848,,Unprocessed,,,
IMG20250801084852,,Unprocessed,,,
IMG20250801084906,,Unprocessed,,,
IMG20250801084911,,Unprocessed,,,
IMG20250801084928,,Unprocessed,,,
IMG20250801084937,,Unprocessed,,,
IMG20250801084948,,Unprocessed,,,
IMG20250801084954,,Unprocessed,,,
IMG20250801085011,,Unprocessed,,,
IMG20250801085016,Canker,Unprocessed,,,
IMG20250801085030,,Unprocessed,,,
IMG20250801085040,,Unprocessed,,,
IMG20250801085047,Canker,Processed,,,
IMG20250801085104,,Unprocessed,,,
IMG20250801085658,Canker,Unprocessed,,,
IMG20250801085703,,Unprocessed,,,
IMG20250801085707,Canker,Unprocessed,,,
IMG20250801085711,Canker,Unprocessed,,,
IMG20250801085716,,Unprocessed,,,
IMG20250801085719,Canker,Unprocessed,,,
IMG20250801085724,Canker,Unprocessed,,,
IMG20250801085730,Canker,Unprocessed,,,
IMG20250801085736,Canker,Unprocessed,,,
IMG20250801085757,Canker,Unprocessed,,,
IMG20250801085800,Canker,Unprocessed,,,
IMG20250801085814,Canker,Unprocessed,,,
IMG20250801085823,,Unprocessed,,,
IMG20250801085830,,Unprocessed,,,
IMG20250801085841,,Unprocessed,,,
IMG20250801085849,,Unprocessed,,,
IMG20250801085858,,Unprocessed,,,
IMG20250801085900,,Unprocessed,,,
IMG20250801085907,Canker,Unprocessed,,,
IMG20250801085915,Canker,Unprocessed,,,
IMG20250801085931,Canker,Unprocessed,,,
IMG20250801085936,Canker,Unprocessed,,,
IMG20250801085949,Canker,Unprocessed,,,
IMG20250801090000,,Unprocessed,,,
IMG20250801090016,,Unprocessed,,,
IMG20250801090019,,Unprocessed,,,
IMG20250801090026,,Unprocessed,,,
IMG20250801090029,,Unprocessed,,,
IMG20250801090035,,Unprocessed,,,
IMG20250801090038,,Unprocessed,,,
IMG20250801090119,,Unprocessed,,,
IMG20250801090144,,Unprocessed,,,
IMG20250801090202,,Unprocessed,,,
IMG20250801090227,,Unprocessed,,,
IMG20250801090235,,Unprocessed,,,
IMG20250801090243,,Unprocessed,,,
IMG20250801090246,,Unprocessed,,,
IMG20250801090452,,Unprocessed,,,
IMG20250801090506,,Unprocessed,,,
IMG20250801090518,,Unprocessed,,,
IMG20250801090834,,Unprocessed,,,
IMG20250801090842,,Unprocessed,,,
IMG20250801090849,,Unprocessed,,,
IMG20250801090928,,Unprocessed,,,
IMG20250801090943,,Unprocessed,,,
IMG20250801090954,,Unprocessed,,,
IMG20250801091002,,Unprocessed,,,
IMG20250801091010,,Unprocessed,,,
IMG20250801091020,,Unprocessed,,,
IMG20250801091028,,Unprocessed,,,
IMG20250801091039,,Unprocessed,,,
IMG20250801091103,,Unprocessed,,,
IMG20250801091131,,Unprocessed,,,
IMG20250801091133,,Unprocessed,,,
IMG20250801091144,,Unprocessed,,,
IMG20250801091153,,Unprocessed,,,
IMG20250801091156,,Unprocessed,,,
IMG20250801091301,,Unprocessed,,,
IMG20250801091308,,Unprocessed,,,
IMG20250801091351,,Unprocessed,,,
IMG20250801091402,,Unprocessed,,,
IMG20250801091431,,Unprocessed,,,
IMG20250801091543,,Unprocessed,,,
IMG20250801091552,,Unprocessed,,,
IMG20250801091635,,Unprocessed,,,
IMG20250801091645,,Unprocessed,,,
IMG20250801091848,,Unprocessed,,,
IMG20250801091928,Borer,Unprocessed,,,
IMG20250801091941,Borer,Unprocessed,,,
IMG20250801091947,Borer,Unprocessed,,,
IMG20250801092008,,Unprocessed,,,
IMG20250801092652,,Unprocessed,,,
IMG20250801092655,,Unprocessed,,,
IMG20250801092703,,Unprocessed,,,
IMG20250801092716,,Unprocessed,,,
IMG20250801092737,,Unprocessed,,,
IMG20250801092740,,Unprocessed,,,
IMG20250801092752,,Unprocessed,,,
IMG20250801092824,,Unprocessed,,,
IMG20250801092827,,Unprocessed,,,
IMG20250801092830,,Unprocessed,,,
IMG20250801092838,,Unprocessed,,,
IMG20250801092843,,Unprocessed,,,
IMG20250801092852,,Unprocessed,,,
IMG20250801092857,,Unprocessed,,,
IMG20250801092859,,Unprocessed,,,
IMG20250801092913,,Unprocessed,,,
IMG20250801092918,,Unprocessed,,,
IMG20250801092934,Canker,Unprocessed,,,
IMG20250801092950,,Unprocessed,,,
IMG20250801092958,,Unprocessed,,,
IMG20250801093022,,Unprocessed,,,
IMG20250801093046,,Unprocessed,,,
IMG20250801093052,,Unprocessed,,,
IMG20250801093056,,Unprocessed,,,
IMG20250801093100,,Unprocessed,,,
IMG20250801093114,,Unprocessed,,,
IMG20250801093347,,Unprocessed,,,
IMG20250801093353,,Unprocessed,,,
IMG20250801093430,,Unprocessed,,,
IMG20250801093439,,Unprocessed,,,
IMG20250801093445,,Unprocessed,,,
IMG20250801093458,,Unprocessed,,,
IMG20250801093539,,Unprocessed,,,
IMG20250801093544,,Unprocessed,,,
IMG20250801093549,,Unprocessed,,,
IMG20250801093916,,Unprocessed,,,
IMG20250801093927,,Unprocessed,,,
IMG20250801093940,,Unprocessed,,,
IMG20250801093957,,Unprocessed,,,
IMG20250801094001,,Unprocessed,,,
IMG20250801094112,,Unprocessed,,,
IMG20250801094118,,Unprocessed,,,
IMG20250801094124,,Unprocessed,,,
IMG20250801094139,,Unprocessed,,,
IMG20250801094839,,Unprocessed,,,
IMG20250801094844,,Unprocessed,,,
IMG20250801094852,,Unprocessed,,,
IMG20250801094942,,Unprocessed,,,
IMG20250801094948,,Unprocessed,,,
IMG20250801095030,,Unprocessed,,,
IMG20250801095044,,Unprocessed,,,
IMG20250801095051,,Unprocessed,,,
IMG20250801095120,,Unprocessed,,,
IMG20250801095128,,Unprocessed,,,
IMG20250801095138,,Unprocessed,,,
IMG20250801095153,,Unprocessed,,,
IMG20250801095204,,Unprocessed,,,
IMG20250801095207,,Unprocessed,,,
IMG20250801095231,,Unprocessed,,,
IMG20250801095237,,Unprocessed,,,
IMG20250801095259,,Unprocessed,,,
IMG20250801095307,,Unprocessed,,,
IMG20250801095326,,Unprocessed,,,
IMG20250801095342,Canker,Unprocessed,,,
IMG20250801095405,,Unprocessed,,,
IMG20250801095445,,Unprocessed,,,
IMG20250801095521,,Unprocessed,,,
IMG20250801095528,,Unprocessed,,,
IMG20250801095546,,Unprocessed,,,
IMG20250801095559,,Unprocessed,,,
IMG20250801095602,,Unprocessed,,,
IMG20250801095606,,Unprocessed,,,
IMG20250801095612,,Unprocessed,,,
IMG20250801095627,,Unprocessed,,,
IMG20250801095633,,Unprocessed,,,
IMG20250801095639,,Unprocessed,,,
IMG20250801095643,,Unprocessed,,,
IMG20250801095839,,Unprocessed,,,
IMG20250801095843,,Unprocessed,,,
IMG20250801095847,,Unprocessed,,,
IMG20250801095852,,Unprocessed,,,
IMG20250801095903,,Unprocessed,,,
IMG20250801095914,,Unprocessed,,,
IMG20250801095941,,Unprocessed,,,
IMG20250801095945,,Unprocessed,,,
IMG20250801095952,,Unprocessed,,,
IMG20250801100041,,Unprocessed,,,
IMG20250801100045,,Unprocessed,,,
IMG20250801100120,,Unprocessed,,,
IMG20250801100252,,Unprocessed,,,
IMG20250801100303,,Unprocessed,,,
IMG20250801100333,,Unprocessed,,,
IMG20250801101101,,Unprocessed,,,
IMG20250801101108,,Unprocessed,,,
IMG20250801101112,,Unprocessed,,,
IMG20250801101127,,Unprocessed,,,
IMG20250801101146,,Unprocessed,,,
IMG20250801101200,,Unprocessed,,,
IMG20250801101205,,Unprocessed,,,
IMG20250801101230,,Unprocessed,,,
IMG20250801101247,,Unprocessed,,,
IMG20250801101304,,Unprocessed,,,
IMG20250801101313,,Unprocessed,,,
IMG20250801101320,,Unprocessed,,,
IMG20250801101341,,Unprocessed,,,
IMG20250801101432,,Unprocessed,,,
IMG20250801101446,,Unprocessed,,,
IMG20250801101602,,Unprocessed,,,
IMG20250801101607,,Unprocessed,,,
IMG20250801101636,,Unprocessed,,,
IMG20250801101640,,Unprocessed,,,
IMG20250801101804,,Unprocessed,,,
IMG20250801102041,,Unprocessed,,,
IMG20250801102049,,Unprocessed,,,
IMG20250801102213,,Unprocessed,,,
IMG20250801102220,,Unprocessed,,,
IMG20250801102310,,Unprocessed,,,
IMG20250801102316,,Unprocessed,,,
IMG20250801102615,Mites,Unprocessed,,,
IMG20250801102619,Mites,Unprocessed,,,
IMG20250801102630,Borer,Unprocessed,,,
IMG20250801102636,,Unprocessed,,,
IMG20250801102643,,Unprocessed,,,
IMG20250801102802,,Unprocessed,,,
IMG20250801102810,,Unprocessed,,,
IMG20250801102900,Mites,Unprocessed,,,
IMG20250801102905,Mites,Unprocessed,,,
IMG20250801102917,Mites,Unprocessed,,,
IMG20250801102922,Mites,Unprocessed,,,
IMG20250801102934,Mites,Unprocessed,,,
IMG20250801102953,Mites,Unprocessed,,,
IMG20250801103000,Mites,Unprocessed,,,
IMG20250801103030,,Unprocessed,,,
IMG20250801103110,,Unprocessed,,,
IMG20250801103118,,Unprocessed,,,
IMG20250801103149,,Unprocessed,,,
IMG20250801103202,,Unprocessed,,,
IMG20250801103248,,Unprocessed,,,
IMG20250801103254,,Unprocessed,,,
IMG20250801103259,,Unprocessed,,,
IMG20250801103313,,Unprocessed,,,
IMG20250801103412,,Unprocessed,,,
IMG20250801103432,,Unprocessed,,,
IMG20250801103437,,Unprocessed,,,
IMG20250801103447,,Unprocessed,,,
IMG20250801103452,,Unprocessed,,,
IMG20250801103535,,Unprocessed,,,
IMG20250801103540,,Unprocessed,,,
IMG20250801103625,,Unprocessed,,,
IMG20250801103640,,Unprocessed,,,
IMG20250801103657,,Unprocessed,,,
IMG20250801103726,,Unprocessed,,,
IMG20250801103741,,Unprocessed,,,
IMG20250801103816,,Unprocessed,,,
IMG20250801103827,,Unprocessed,,,
IMG20250801104320,,Unprocessed,,,
IMG20250801104325,,Unprocessed,,,
IMG20250801104337,,Unprocessed,,,
IMG20250801104341,,Unprocessed,,,
IMG20250801104447,,Unprocessed,,,
IMG20250801104450,,Unprocessed,,,
IMG20250801104457,,Unprocessed,,,
IMG20250801104502,,Unprocessed,,,
IMG20250801104505,,Unprocessed,,,
IMG20250801104529,,Unprocessed,,,
IMG20250801104542,,Unprocessed,,,
IMG20250801104546,,Unprocessed,,,
IMG20250801104558,,Unprocessed,,,
IMG20250801104605,,Unprocessed,,,
IMG20250801104621,,Unprocessed,,,
IMG20250801104641,Canker,Unprocessed,,,
IMG20250801104647,Canker,Unprocessed,,,
IMG20250801104653,,Unprocessed,,,
IMG20250801104657,,Unprocessed,,,
IMG20250801104715,,Unprocessed,,,
IMG20250801104718,,Unprocessed,,,
IMG20250801104731,,Unprocessed,,,
IMG20250801104753,,Unprocessed,,,
IMG20250801104821,,Unprocessed,,,
IMG20250801104829,,Unprocessed,,,
IMG20250801104911,,Unprocessed,,,
IMG20250801104925,,Unprocessed,,,
IMG20250801104928,,Unprocessed,,,
IMG20250801104951,,Unprocessed,,,
IMG20250801105019,,Unprocessed,,,
IMG20250801105028,,Unprocessed,,,
IMG20250801105036,,Unprocessed,,,
IMG20250801105101,,Unprocessed,,,
IMG20250801105116,,Unprocessed,,,
IMG20250801105353,,Unprocessed,,,
IMG20250801105357,,Unprocessed,,,
IMG20250801105401,,Unprocessed,,,
IMG20250801105544,,Unprocessed,,,
IMG20250801105557,,Unprocessed,,,
IMG20250801105623,,Unprocessed,,,
IMG20250801105627,,Unprocessed,,,
IMG20250801105639,,Unprocessed,,,
IMG20250801105655,,Unprocessed,,,
IMG20250801105658,,Unprocessed,,,
IMG20250801105704,,Unprocessed,,,
IMG20250801105710,,Unprocessed,,,
IMG20250801105712,,Unprocessed,,,
IMG20250801105731,,Unprocessed,,,
IMG20250801105734,,Unprocessed,,,
IMG20250801105749,,Unprocessed,,,
IMG20250801105751,,Unprocessed,,,
IMG20250801105755,,Unprocessed,,,
IMG20250801105841,,Unprocessed,,,
IMG20250801105907,,Unprocessed,,,
IMG20250801105946,,Unprocessed,,,
IMG20250801105953,,Unprocessed,,,
IMG20250801110015,,Unprocessed,,,
IMG20250801110018,,Unprocessed,,,
IMG20250801110026,,Unprocessed,,,
IMG20250801110033,,Unprocessed,,,
IMG20250801110100,,Unprocessed,,,
IMG20250801110154,,Unprocessed,,,
IMG20250801110245,,Unprocessed,,,
IMG20250801110307,Mites,Unprocessed,,,
IMG20250801110321,Mites,Unprocessed,,,
IMG20250801110337,,Unprocessed,,,
IMG20250801110426,,Unprocessed,,,
IMG20250801110431,,Unprocessed,,,
IMG20250801110439,,Unprocessed,,,
IMG20250801110444,,Unprocessed,,,
IMG20250801110506,Mites,Unprocessed,,,
IMG20250801110510,Mites,Unprocessed,,,
IMG20250801110514,Mites,Unprocessed,,,
IMG20250802082352,,Unprocessed,,,
IMG20250802082729,,Unprocessed,,,
IMG20250802082754,,Unprocessed,,,
IMG20250802082804,,Unprocessed,,,
IMG20250802082811,,Unprocessed,,,
IMG20250802082824,,Unprocessed,,,
IMG20250802082833,,Unprocessed,,,
IMG20250802082844,,Unprocessed,,,
IMG20250802082909,,Unprocessed,,,
IMG20250802082925,,Unprocessed,,,
IMG20250802082931,,Unprocessed,,,
IMG20250802082938,,Unprocessed,,,
IMG20250802082951,,Unprocessed,,,
IMG20250802082958,,Unprocessed,,,
IMG20250802083005,,Unprocessed,,,
IMG20250802083014,,Unprocessed,,,
IMG20250802083036,Mites,Unprocessed,,,
IMG20250802083053,,Unprocessed,,,
IMG20250802083110,Mites,Unprocessed,,,
IMG20250802083115,,Unprocessed,,,
IMG20250802083142,,Unprocessed,,,
IMG20250802083154,,Unprocessed,,,
IMG20250802083207,,Unprocessed,,,
IMG20250802083232,,Unprocessed,,,
IMG20250802083237,,Unprocessed,,,
IMG20250802083244,,Unprocessed,,,
IMG20250802083252,,Unprocessed,,,
IMG20250802083302,,Unprocessed,,,
IMG20250802083315,,Unprocessed,,,
IMG20250802083358,,Unprocessed,,,
IMG20250802083450,,Unprocessed,,,
IMG20250802083455,,Unprocessed,,,
IMG20250802083500,,Unprocessed,,,
IMG20250802083509,Mites,Unprocessed,,,
IMG20250802083512,Mites,Unprocessed,,,
IMG20250802083516,Mites,Unprocessed,,,
IMG20250802083537,,Unprocessed,,,
IMG20250802083541,Mites,Unprocessed,,,
IMG20250802083554,,Unprocessed,,,
IMG20250802083559,,Unprocessed,,,
IMG20250802083646,Mites,Unprocessed,,,
IMG20250802083652,Mites,Unprocessed,,,
IMG20250802083656,Mites,Unprocessed,,,
IMG20250802083700,Mites,Unprocessed,,,
IMG20250802083704,Mites,Unprocessed,,,
IMG20250802083709,Mites,Unprocessed,,,
IMG20250802083814,,Unprocessed,,,
IMG20250802083829,,Unprocessed,,,
IMG20250802083856,,Unprocessed,,,
IMG20250802083900,,Unprocessed,,,
IMG20250802083919,,Unprocessed,,,
IMG20250802083931,,Unprocessed,,,
IMG20250802083939,,Unprocessed,,,
IMG20250802084004,,Unprocessed,,,
IMG20250802084009,,Unprocessed,,,
IMG20250802084017,,Unprocessed,,,
IMG20250802084024,,Unprocessed,,,
IMG20250802084038,,Unprocessed,,,
IMG20250802084048,,Unprocessed,,,
IMG20250802084117,,Unprocessed,,,
IMG20250802084203,Mites,Unprocessed,,,
IMG20250802084207,Mites,Unprocessed,,,
IMG20250802084211,Mites,Unprocessed,,,
IMG20250802084216,Mites,Unprocessed,,,
IMG20250802084237,,Unprocessed,,,
IMG20250802084244,,Unprocessed,,,
IMG20250802084249,,Unprocessed,,,
IMG20250802084305,,Unprocessed,,,
IMG20250802084416,Mites,Unprocessed,,,
IMG20250802084423,Mites,Unprocessed,,,
IMG20250802084426,Mites,Unprocessed,,,
IMG20250802084430,Mites,Unprocessed,,,
IMG20250802084433,Mites,Unprocessed,,,
IMG20250802084439,Mites,Unprocessed,,,
IMG20250802084443,Mites,Unprocessed,,,
IMG20250802084448,Mites,Unprocessed,,,
IMG20250802084452,Mites,Unprocessed,,,
IMG20250802084502,Mites,Unprocessed,,,
IMG20250802084508,Mites,Unprocessed,,,
IMG20250802084526,Mites,Unprocessed,,,
IMG20250802084533,Mites,Unprocessed,,,
IMG20250802084537,Mites,Unprocessed,,,
IMG20250802084602,Mites,Unprocessed,,,
IMG20250802084608,Mites,Unprocessed,,,
IMG20250802084612,Mites,Unprocessed,,,
IMG20250802085745,Mites,Unprocessed,,,
IMG20250802085749,Mites,Unprocessed,,,
IMG20250802085753,Mites,Unprocessed,,,
IMG20250802085804,,Unprocessed,,,
IMG20250802085816,,Unprocessed,,,
IMG20250802085835,,Unprocessed,,,
IMG20250802085915,,Unprocessed,,,
IMG20250802085922,,Unprocessed,,,
IMG20250802085946,,Unprocessed,,,
IMG20250802085951,,Unprocessed,,,
IMG20250802085955,,Unprocessed,,,
IMG20250802090002,,Unprocessed,,,
IMG20250802090005,,Unprocessed,,,
IMG20250802090013,,Unprocessed,,,
IMG20250802090021,,Unprocessed,,,
IMG20250802090024,,Unprocessed,,,
IMG20250802090027,,Unprocessed,,,
IMG20250802090037,,Unprocessed,,,
IMG20250802090109,,Unprocessed,,,
IMG20250802090154,,Unprocessed,,,
IMG20250802090200,,Unprocessed,,,
IMG20250802090220,,Unprocessed,,,
IMG20250802090225,Borer,Unprocessed,,,
IMG20250802090229,Borer,Unprocessed,,,
IMG20250802090344,,Unprocessed,,,
IMG20250802090351,,Unprocessed,,,
IMG20250802090357,,Unprocessed,,,
IMG20250802090406,,Unprocessed,,,
IMG20250802090426,,Unprocessed,,,
IMG20250802090522,,Unprocessed,,,
IMG20250802090528,,Unprocessed,,,
IMG20250802090536,,Unprocessed,,,
IMG20250802090559,Borer,Unprocessed,,,
IMG20250802090606,Borer,Unprocessed,,,
IMG20250802090620,,Unprocessed,,,
IMG20250802100527,,Unprocessed,,,
IMG20250802100537,,Unprocessed,,,
IMG20250802100540,,Unprocessed,,,
IMG20250802100551,,Unprocessed,,,
IMG20250802100554,,Unprocessed,,,
IMG20250802100557,,Unprocessed,,,
IMG20250802100610,,Unprocessed,,,
IMG20250802100637,,Unprocessed,,,
IMG20250802100642,,Unprocessed,,,
IMG20250802100702,,Unprocessed,,,
IMG20250802100705,,Unprocessed,,,
IMG20250802100709,,Unprocessed,,,
IMG20250802100728,,Unprocessed,,,
IMG20250802100740,,Unprocessed,,,
IMG20250802100747,,Unprocessed,,,
IMG20250802100808,,Unprocessed,,,
IMG20250802100826,,Unprocessed,,,
IMG20250802100859,,Unprocessed,,,
IMG20250802100910,,Unprocessed,,,
IMG20250802100932,,Unprocessed,,,
IMG20250802100948,,Unprocessed,,,
IMG20250802100957,,Unprocessed,,,
IMG20250802101013,,Unprocessed,,,
IMG20250802101037,,Unprocessed,,,
IMG20250802101051,,Unprocessed,,,
IMG20250802101122,,Unprocessed,,,
IMG20250802101146,,Unprocessed,,,
IMG20250802101149,,Unprocessed,,,
IMG20250802101210,,Unprocessed,,,
IMG20250802101220,,Unprocessed,,,
IMG20250802101332,,Unprocessed,,,
IMG20250802101340,,Unprocessed,,,
IMG20250802101347,,Unprocessed,,,
IMG20250802101351,,Unprocessed,,,
IMG20250802101404,,Unprocessed,,,
IMG20250802101416,,Unprocessed,,,
IMG20250802101419,,Unprocessed,,,
IMG20250802101424,,Unprocessed,,,
IMG20250802101438,,Unprocessed,,,
IMG20250802101459,,Unprocessed,,,
IMG20250802101509,,Unprocessed,,,
IMG20250802101516,,Unprocessed,,,
IMG20250802101524,,Unprocessed,,,
IMG20250802101532,,Unprocessed,,,
IMG20250802101539,,Unprocessed,,,
IMG20250802101549,,Unprocessed,,,
IMG20250802101557,Canker,Unprocessed,,,
IMG20250802101603,Canker,Unprocessed,,,
IMG20250802101618,,Unprocessed,,,
IMG20250802101620,,Unprocessed,,,
IMG20250802101622,,Unprocessed,,,
IMG20250802101625,,Unprocessed,,,
IMG20250802101647,,Unprocessed,,,
IMG20250802101653,,Unprocessed,,,
IMG20250802101710,,Unprocessed,,,
IMG20250802101715,,Unprocessed,,,
IMG20250802101724,,Unprocessed,,,
IMG20250802101729,,Unprocessed,,,
IMG20250802101734,,Unprocessed,,,
IMG20250802101743,,Unprocessed,,,
IMG20250802101752,,Unprocessed,,,
IMG20250802101758,,Unprocessed,,,
IMG20250802101807,,Unprocessed,,,
IMG20250802101817,,Unprocessed,,,
IMG20250802101819,,Unprocessed,,,
IMG20250802101821,,Unprocessed,,,
IMG20250802101826,,Unprocessed,,,
IMG20250802101835,,Unprocessed,,,
IMG20250802101842,,Unprocessed,,,
IMG20250802101844,,Unprocessed,,,
IMG20250802101901,,Unprocessed,,,
IMG20250802101905,,Unprocessed,,,
IMG20250802101914,,Unprocessed,,,
IMG20250802101917,,Unprocessed,,,
IMG20250802101926,,Unprocessed,,,
IMG20250802102006,,Unprocessed,,,
IMG20250802102010,,Unprocessed,,,
IMG20250802102014,,Unprocessed,,,
IMG20250802102021,Mites,Unprocessed,,,
IMG20250802102026,Mites,Unprocessed,,,
IMG20250802102032,Mites,Unprocessed,,,
IMG20250802102036,Mites,Unprocessed,,,
IMG20250802102041,Mites,Unprocessed,,,
IMG20250802102045,Mites,Unprocessed,,,
IMG20250802102101,,Unprocessed,,,
IMG20250802102124,,Unprocessed,,,
IMG20250802102131,,Unprocessed,,,
IMG20250802102138,,Unprocessed,,,
IMG20250802102213,,Unprocessed,,,
IMG20250802102216,,Unprocessed,,,
IMG20250802102254,,Unprocessed,,,
IMG20250802102303,,Unprocessed,,,
IMG20250802102309,,Unprocessed,,,
IMG20250802102313,,Unprocessed,,,
IMG20250802102326,,Unprocessed,,,
IMG20250802102332,,Unprocessed,,,
IMG20250802102339,,Unprocessed,,,
IMG20250802102356,,Unprocessed,,,
IMG20250802102401,,Unprocessed,,,
IMG20250802102408,,Unprocessed,,,
IMG20250802102412,,Unprocessed,,,
IMG20250802102500,,Unprocessed,,,
IMG20250802102506,,Unprocessed,,,
IMG20250802102548,,Unprocessed,,,
IMG20250802102612,,Unprocessed,,,
IMG20250802102623,,Unprocessed,,,
IMG20250802102655,,Unprocessed,,,
IMG20250802102949,,Unprocessed,,,
IMG20250802102959,,Unprocessed,,,
IMG20250802103041,,Unprocessed,,,
IMG20250802103054,,Unprocessed,,,
IMG20250802103102,,Unprocessed,,,
IMG20250802103123,,Unprocessed,,,
IMG20250802103133,,Unprocessed,,,
IMG20250802103209,,Unprocessed,,,
IMG20250802103227,,Unprocessed,,,
IMG20250802103241,,Unprocessed,,,
IMG20250802103457,,Unprocessed,,,
IMG20250802103504,,Unprocessed,,,
IMG20250802103510,,Unprocessed,,,
IMG20250802103523,,Unprocessed,,,
IMG20250802103529,,Unprocessed,,,
IMG20250802103536,,Unprocessed,,,
IMG20250802103539,,Unprocessed,,,
IMG20250802103542,,Unprocessed,,,
IMG20250802103546,,Unprocessed,,,
IMG20250802103558,,Unprocessed,,,
IMG20250802103606,,Unprocessed,,,
IMG20250802103615,,Unprocessed,,,
IMG20250802103624,,Unprocessed,,,
IMG20250802103634,,Unprocessed,,,
IMG20250802103649,,Unprocessed,,,
IMG20250802103657,,Unprocessed,,,
IMG20250802103702,,Unprocessed,,,
IMG20250802103706,,Unprocessed,,,
IMG20250802103717,,Unprocessed,,,
IMG20250802103751,,Unprocessed,,,
IMG20250802103756,,Unprocessed,,,
IMG20250802103819,,Unprocessed,,,
IMG20250802103832,,Unprocessed,,,
IMG20250802103837,,Unprocessed,,,
IMG20250802103842,,Unprocessed,,,
IMG20250802103852,,Unprocessed,,,
IMG20250802103909,,Unprocessed,,,
IMG20250802103912,,Unprocessed,,,
IMG20250802103919,,Unprocessed,,,
IMG20250802103926,,Unprocessed,,,
IMG20250802103930,,Unprocessed,,,
IMG20250802103947,,Unprocessed,,,
IMG20250802104000,,Unprocessed,,,
IMG20250802104010,,Unprocessed,,,
IMG20250802104031,,Unprocessed,,,
IMG20250802104040,,Unprocessed,,,
IMG20250802104047,,Unprocessed,,,
IMG20250802104051,,Unprocessed,,,
IMG20250802104105,,Unprocessed,,,
IMG20250802104108,,Unprocessed,,,
IMG20250802104118,,Unprocessed,,,
IMG20250802104139,,Unprocessed,,,
IMG20250802104207,,Unprocessed,,,
IMG20250802104222,,Unprocessed,,,
IMG20250802104245,,Unprocessed,,,
IMG20250802104304,,Unprocessed,,,
IMG20250802104329,,Unprocessed,,,
IMG20250802104348,,Unprocessed,,,
IMG20250802104351,Canker,Unprocessed,,,
IMG20250802104357,,Unprocessed,,,
IMG20250802104406,,Unprocessed,,,
IMG20250802104411,,Unprocessed,,,
IMG20250802104434,,Unprocessed,,,
IMG20250802104459,,Unprocessed,,,
IMG20250802104513,,Unprocessed,,,
IMG20250802104528,,Unprocessed,,,
IMG20250802104540,,Unprocessed,,,
IMG20250802104550,,Unprocessed,,,
IMG20250802104641,,Unprocessed,,,
IMG20250802104708,,Unprocessed,,,
IMG20250802104808,,Unprocessed,,,
IMG20250802104856,Anthracnose,Unprocessed,,,
IMG20250802104900,Anthracnose,Unprocessed,,,
IMG20250802104905,Anthracnose,Unprocessed,,,
IMG20250802104914,,Unprocessed,,,
IMG20250802104918,,Unprocessed,,,
IMG20250802104926,,Unprocessed,,,
IMG20250802105332,,Unprocessed,,,
IMG20250802105351,,Unprocessed,,,
IMG20250802105431,,Unprocessed,,,
IMG20250802105701,,Unprocessed,,,
IMG20250802105706,,Unprocessed,,,
IMG20250802105712,,Unprocessed,,,
IMG20250802105732,,Unprocessed,,,
IMG20250802105816,,Unprocessed,,,
IMG20250802105823,,Unprocessed,,,
IMG20250802105835,,Unprocessed,,,
IMG20250802105845,,Unprocessed,,,
IMG20250802105906,,Unprocessed,,,
IMG20250802105933,,Unprocessed,,,
IMG20250802105956,,Unprocessed,,,
IMG20250802110026,,Unprocessed,,,
IMG20250802110038,,Unprocessed,,,
IMG20250802110049,,Unprocessed,,,
IMG20250802110117,,Unprocessed,,,
IMG20250802110121,,Unprocessed,,,
IMG20250802110138,,Unprocessed,,,
IMG20250802110155,,Unprocessed,,,
IMG20250802110211,,Unprocessed,,,
IMG20250802110229,,Unprocessed,,,
IMG20250802110242,,Unprocessed,,,
IMG20250802110249,,Unprocessed,,,
IMG20250802110345,,Unprocessed,,,
IMG20250802110349,,Unprocessed,,,
IMG20250802110411,,Unprocessed,,,
IMG20250802110426,,Unprocessed,,,
IMG20250802110536,Anthracnose,Unprocessed,,,
IMG20250802110540,Anthracnose,Unprocessed,,,
IMG20250802110544,Anthracnose,Unprocessed,,,
IMG20250802110547,Anthracnose,Unprocessed,,,
IMG20250802110557,Anthracnose,Unprocessed,,,
IMG20250802110608,Anthracnose,Unprocessed,,,
IMG20250802110612,,Unprocessed,,,
IMG20250802110625,,Unprocessed,,,
IMG20250802110651,Anthracnose,Unprocessed,,,
IMG20250802110729,,Unprocessed,,,
IMG20250802110733,,Unprocessed,,,
IMG20250802110736,,Unprocessed,,,
IMG20250802110816,,Unprocessed,,,
IMG20250802110824,,Unprocessed,,,
IMG20250802110829,,Unprocessed,,,
IMG20250802110834,,Unprocessed,,,
IMG20250802110840,,Unprocessed,,,
IMG20250802110856,,Unprocessed,,,
IMG20250802110900,,Unprocessed,,,
IMG20250802110905,,Unprocessed,,,
IMG20250802110919,,Unprocessed,,,
IMG20250802110938,,Unprocessed,,,
IMG20250802110953,Canker,Unprocessed,,,
IMG20250802111001,Canker,Unprocessed,,,
IMG20250802111010,,Unprocessed,,,
IMG20250802111019,,Unprocessed,,,
IMG20250802111030,,Unprocessed,,,
IMG20250802111035,,Unprocessed,,,
IMG20250802111040,,Unprocessed,,,
IMG20250802111055,,Unprocessed,,,
IMG20250802111100,,Unprocessed,,,
IMG20250802111139,,Unprocessed,,,
IMG20250802111146,,Unprocessed,,,
IMG20250802111202,,Unprocessed,,,
IMG20250802111238,,Unprocessed,,,
IMG20250802111258,,Unprocessed,,,
IMG20250802111303,,Unprocessed,,,
IMG20250802111330,,Unprocessed,,,
IMG20250802111335,,Unprocessed,,,
IMG20250802111349,Borer,Unprocessed,,,
IMG20250802111718,,Unprocessed,,,
IMG20250802111723,,Unprocessed,,,
IMG20250802111727,,Unprocessed,,,
IMG20250802111751,,Unprocessed,,,
IMG20250802111756,,Unprocessed,,,
IMG20250802111831,,Unprocessed,,,
IMG20250802111836,,Unprocessed,,,
IMG20250802111842,,Unprocessed,,,
IMG20250802111846,,Unprocessed,,,
IMG20250802111915,,Unprocessed,,,
IMG20250802111924,,Unprocessed,,,
IMG20250802111929,,Unprocessed,,,
IMG20250802111934,,Unprocessed,,,
IMG20250802112002,,Unprocessed,,,
IMG20250802112014,,Unprocessed,,,
IMG20250802112039,,Unprocessed,,,
IMG20250802112120,Mites,Unprocessed,,,
IMG20250802112157,Mites,Unprocessed,,,
IMG20250802112202,Mites,Unprocessed,,,
IMG20250802112206,Mites,Unprocessed,,,
IMG20250802112212,Mites,Unprocessed,,,
IMG20250802112220,Mites,Unprocessed,,,
IMG20250802112224,Mites,Unprocessed,,,
IMG20250802112227,Mites,Unprocessed,,,
IMG20250802112234,Mites,Unprocessed,,,
IMG20250802112257,,Unprocessed,,,
IMG20250802112324,,Unprocessed,,,
IMG20250802112352,,Unprocessed,,,
IMG20250802112410,,Unprocessed,,,
IMG20250802112428,,Unprocessed,,,
IMG20250802112449,,Unprocessed,,,
IMG20250802112455,,Unprocessed,,,
IMG20250802112505,,Unprocessed,,,
IMG20250802112523,,Unprocessed,,,
IMG20250802112538,,Unprocessed,,,
IMG20250802112553,,Unprocessed,,,
IMG20250802112602,,Unprocessed,,,
IMG20250802112631,,Unprocessed,,,
IMG20250802112639,,Unprocessed,,,
IMG20250802112648,,Unprocessed,,,
IMG20250802112710,,Unprocessed,,,
IMG20250802112715,,Unprocessed,,,
IMG20250802112731,,Unprocessed,,,
IMG20250802112734,,Unprocessed,,,
IMG20250802112806,,Unprocessed,,,
IMG20250802112811,,Unprocessed,,,
IMG20250802112815,,Unprocessed,,,
IMG20250802112821,,Unprocessed,,,
IMG20250802112830,,Unprocessed,,,
IMG20250802112841,,Unprocessed,,,
IMG20250802112901,,Unprocessed,,,
IMG20250802112910,,Unprocessed,,,
IMG20250802112920,,Unprocessed,,,
